id,customer_id,cardNumber,expMonth,expYear,CVV
1,655,878659400953,6,2025,139
2,92,242890203495,7,2013,286
3,22,553418641371,10,2021,842
4,820,784128049087,11,2030,415
5,19,133089747858,3,2048,439
6,998,697184882535,10,2028,606
7,721,115070627259,10,2049,440
8,419,600877118482,4,2015,189
9,508,560239927633,10,2040,208
10,300,929846017155,2,2022,466
11,48,490079484483,3,2024,153
12,334,629247140831,9,2040,279
13,95,856564593895,3,2038,804
14,78,841244189896,9,2050,498
15,618,583367325015,2,2018,486
16,649,153362770139,9,2048,254
17,237,923149936025,3,2009,767
18,333,157213692115,4,2005,740
19,892,344010510303,10,2024,151
20,486,546972257870,3,2037,501
21,152,849286660648,2,2000,888
22,178,394835831623,6,2014,320
23,75,572572312187,6,2014,743
24,978,288785887799,10,2015,938
25,661,187970482782,11,2017,117
26,37,479266475395,4,2036,454
27,263,724590822251,9,2002,517
28,225,207519943955,11,2042,559
29,199,123978198361,1,2023,667
30,70,697763756386,7,2004,385
31,834,707731981507,9,2017,822
32,369,922977162925,12,2028,401
33,787,627455896844,3,2037,292
34,248,471841457913,5,2000,230
35,364,729831228941,1,2026,261
36,792,857650355554,3,2026,304
37,396,253680560210,7,2032,312
38,822,300434182912,10,2019,792
39,96,945320025767,6,2016,453
40,804,744930660183,3,2006,790
41,791,242767543495,8,2034,649
42,256,160655530486,6,2003,603
43,628,426626508479,2,2006,788
44,869,244654905631,3,2020,492
45,435,241340060949,9,2028,690
46,526,844587109457,5,2005,406
47,760,391574018686,10,2035,692
48,795,210651042558,11,2028,359
49,647,282654861963,7,2011,172
50,410,795317195122,12,2011,228
51,767,587989945626,1,2022,596
52,275,653400323883,2,2024,572
53,271,294826809045,7,2000,545
54,491,479039848024,10,2020,408
55,26,767789067219,12,2004,218
56,302,434752934021,12,2008,997
57,250,863816706339,1,2012,778
58,149,733571789165,8,2009,442
59,727,909448537499,4,2027,370
60,93,220983229257,9,2005,960
61,291,637070672182,9,2049,242
62,366,617910852409,12,2026,124
63,262,868949452095,2,2032,291
64,110,359706568997,9,2017,874
65,167,857953789310,7,2039,159
66,374,858714705603,2,2049,988
67,836,932863147164,4,2049,871
68,570,673588141712,8,2040,383
69,893,426407372308,3,2004,644
70,249,534045310864,3,2020,545
71,590,544405093032,9,2014,838
72,502,178562424591,7,2050,321
73,717,284293834693,2,2040,645
74,749,816226211021,9,2025,310
75,204,171939642633,3,2049,564
76,388,171719605921,9,2005,948
77,863,691008115662,9,2034,329
78,688,141872283546,5,2028,159
79,214,953871287604,12,2021,943
80,428,749597992831,8,2034,778
81,681,780634883851,6,2040,318
82,855,789805307966,1,2031,448
83,334,404203581794,9,2047,675
84,77,850468080786,4,2017,678
85,578,266133828090,4,2038,795
86,992,869055178295,3,2047,633
87,207,295200936068,4,2029,676
88,877,982445099240,1,2003,546
89,484,429677832308,5,2046,359
90,91,962720956448,4,2026,137
91,713,832568705251,10,2029,999
92,468,534102123872,7,2002,688
93,121,121224698168,11,2006,742
94,869,577831974668,7,2018,805
95,241,525106013957,8,2030,765
96,988,316388771564,10,2004,516
97,849,583524367638,5,2014,617
98,347,121824494703,10,2011,357
99,887,553150662382,10,2015,648
100,456,964377127924,4,2049,249
101,501,787701653383,8,2019,755
102,58,443497332558,2,2017,593
103,49,630867433605,9,2014,864
104,142,985902840227,7,2014,467
105,838,455525016818,8,2012,570
106,810,221894993782,11,2027,388
107,92,960775880514,10,2015,701
108,271,309698560408,2,2023,354
109,462,973695652726,9,2030,608
110,635,768940257830,4,2001,271
111,76,190510059460,9,2041,624
112,252,734736703195,4,2038,147
113,497,933019221050,10,2047,373
114,65,897508919659,10,2038,644
115,577,351667840364,2,2021,243
116,855,950639074310,2,2043,633
117,348,228840762481,6,2044,588
118,689,732388068715,5,2007,518
119,213,153313281735,5,2026,982
120,441,940822515790,10,2019,163
121,256,449613940559,10,2015,329
122,80,934503311539,2,2045,780
123,754,974337321917,12,2000,249
124,118,841213594902,4,2025,867
125,183,264342382581,9,2007,240
126,155,962247849504,7,2017,344
127,313,650288262865,7,2037,551
128,744,269277290593,7,2030,554
129,935,655675957030,2,2010,665
130,850,198472270101,3,2048,721
131,908,246326277926,11,2022,856
132,755,348971657341,6,2000,964
133,643,141738508894,11,2048,378
134,680,304944873988,8,2036,827
135,620,488298174786,5,2035,229
136,402,461976251674,7,2030,784
137,54,228765246530,11,2023,631
138,176,861286060736,6,2014,187
139,66,378349917817,5,2017,898
140,585,740466193295,5,2001,493
141,974,883098183660,1,2036,277
142,923,359691646258,7,2005,238
143,386,927429686243,11,2017,402
144,614,425705443687,5,2026,532
145,702,679139665857,8,2035,578
146,107,392577783399,9,2006,598
147,89,228557766324,7,2047,594
148,456,468605058626,7,2046,571
149,325,733764082454,3,2048,151
150,889,966485075372,1,2014,291
151,908,325285465580,10,2023,805
152,102,864291484435,7,2027,646
153,800,203377134757,3,2012,353
154,633,506637084718,7,2031,981
155,525,652011241567,12,2028,476
156,896,472244984237,1,2034,673
157,776,445923948170,9,2030,529
158,495,212671088126,7,2010,182
159,232,833989818674,9,2027,602
160,756,280717660444,3,2045,457
161,432,379442803360,12,2006,661
162,391,310545259371,3,2027,202
163,180,448308352905,4,2036,164
164,979,627699914883,3,2029,361
165,148,525892077602,3,2038,859
166,330,537547852063,5,2013,242
167,348,441519028408,9,2050,633
168,751,389576248868,4,2012,395
169,905,960797522546,1,2050,285
170,29,315255709854,9,2050,744
171,725,391586628407,10,2048,220
172,753,262962941680,6,2032,580
173,879,325096414465,10,2014,235
174,117,137782015763,4,2021,418
175,461,496099081593,7,2037,944
176,845,724467727991,8,2010,657
177,895,790104655557,7,2018,108
178,641,620315351339,5,2026,328
179,89,267667764700,9,2021,192
180,630,189257841562,9,2033,289
181,318,608513974743,9,2016,436
182,455,607313585427,2,2029,383
183,299,917144768839,2,2029,238
184,319,219880693326,9,2028,264
185,820,239890825300,7,2041,890
186,730,343200615813,5,2007,305
187,42,829288089793,4,2016,270
188,353,865516870120,1,2003,978
189,602,697164324070,1,2047,906
190,344,308677821424,12,2048,604
191,456,542185478344,6,2026,581
192,645,410853351726,6,2034,907
193,811,790087165611,8,2015,360
194,292,938962872549,11,2039,182
195,692,741829427411,5,2038,593
196,799,197232912964,7,2021,978
197,464,899781710043,4,2027,796
198,403,979955837190,10,2044,508
199,657,677053067123,11,2015,431
200,667,831610694150,7,2007,352
201,791,737619646549,9,2022,273
202,393,750667323550,8,2049,878
203,529,652826604782,4,2017,520
204,581,308973015392,12,2043,961
205,538,673600836670,4,2004,744
206,247,949331411602,6,2000,955
207,774,575759003693,10,2044,915
208,132,553957810173,9,2049,900
209,850,684101229407,5,2034,565
210,648,262988782155,6,2047,438
211,651,802746873794,7,2011,510
212,225,784731468818,10,2044,194
213,390,779758048415,8,2005,236
214,840,295426530250,2,2028,891
215,45,757789389951,2,2049,230
216,294,156197216030,12,2042,186
217,569,234781881996,12,2012,467
218,197,997091297052,2,2011,531
219,489,881481570622,6,2010,971
220,634,565636000400,2,2045,936
221,916,581857150488,6,2006,931
222,520,658774608789,12,2016,204
223,753,647276391920,7,2016,769
224,178,592500361357,4,2005,920
225,808,988942535195,12,2017,112
226,519,560631570626,10,2011,959
227,720,549906372373,3,2042,906
228,914,946035630000,5,2011,609
229,343,653632976050,5,2031,261
230,566,839583681627,2,2002,977
231,560,610966958862,3,2009,189
232,490,768699167886,7,2039,649
233,332,428613247675,3,2020,801
234,115,875142974872,7,2039,486
235,944,597343825638,10,2043,331
236,818,246164444140,11,2009,804
237,515,415683343661,7,2004,524
238,796,371540270527,9,2013,199
239,770,133046943292,5,2031,664
240,25,468603799014,3,2020,486
241,650,317354047936,6,2008,226
242,236,911459621684,2,2042,648
243,571,509182287990,2,2036,331
244,724,335050682526,2,2020,705
245,82,175650104462,7,2022,188
246,615,159050571033,11,2025,586
247,956,669322646831,11,2049,402
248,616,412638162359,6,2030,711
249,930,349350230326,3,2010,476
250,229,636118498903,3,2029,571
251,198,850852986962,5,2001,794
252,951,295449521104,10,2023,295
253,890,805522096105,7,2046,562
254,833,329916779877,9,2029,205
255,378,117326269130,2,2025,588
256,747,181581123176,4,2042,881
257,493,779267771837,8,2043,492
258,787,744708312621,6,2003,718
259,808,112257134513,5,2039,792
260,455,882060492847,12,2046,459
261,83,577891787967,8,2012,629
262,735,440070105570,9,2024,388
263,691,232512017656,8,2016,684
264,817,507289260685,1,2018,307
265,892,473741510631,1,2048,907
266,636,534721939383,1,2029,331
267,71,630043199867,10,2000,401
268,185,746439877367,9,2048,751
269,561,399351514752,2,2013,340
270,967,988271509926,10,2022,729
271,241,111870343337,5,2034,793
272,916,580549252732,7,2037,662
273,965,341737076029,1,2007,239
274,650,255403764204,4,2043,973
275,277,917386441719,10,2000,947
276,450,874030101450,8,2039,759
277,200,124138282980,6,2012,349
278,305,969328223315,1,2033,893
279,652,543987778943,8,2009,876
280,895,824919520356,1,2018,795
281,63,711532603146,3,2042,908
282,794,487782017543,6,2013,984
283,625,726899800828,8,2010,971
284,851,489057825554,5,2039,321
285,753,472545405853,3,2025,871
286,807,113361808693,4,2037,299
287,711,716812310348,12,2005,989
288,848,284812232352,4,2036,472
289,733,405365840806,10,2025,608
290,180,555887726274,1,2028,238
291,492,739482424331,12,2035,962
292,503,143969404726,3,2038,844
293,437,474375431229,12,2037,806
294,782,193847895002,3,2048,420
295,228,324009762943,11,2047,354
296,429,129084100166,1,2002,919
297,784,168382339610,2,2035,675
298,114,636158686209,3,2011,405
299,896,817688263355,9,2002,432
300,182,666988178797,2,2035,962
301,687,341271062824,12,2008,179
302,803,854169619803,1,2043,305
303,352,562186508658,9,2035,796
304,463,887946324253,1,2041,960
305,931,956833698142,3,2013,600
306,348,524925013774,10,2038,936
307,283,753112763091,1,2004,720
308,647,163958690628,10,2048,138
309,405,198062402330,7,2020,640
310,758,742254974612,12,2040,144
311,944,480890731537,1,2010,391
312,920,394064120096,2,2047,681
313,188,211308173333,5,2030,875
314,843,241110474405,8,2030,984
315,815,835208517379,3,2038,389
316,500,524809484237,6,2029,392
317,124,487444564447,7,2027,434
318,904,453993355503,8,2000,278
319,319,146194836838,11,2029,420
320,610,594393389676,11,2033,659
321,945,400687086923,5,2032,218
322,125,964035239977,6,2015,733
323,777,488135933673,3,2023,976
324,604,668550236151,5,2040,150
325,744,339463565509,7,2009,201
326,704,877571938268,1,2046,187
327,369,500155829020,7,2001,457
328,725,643363821929,12,2050,671
329,106,169526956872,6,2003,897
330,994,293581437199,10,2039,917
331,561,788388556173,10,2003,992
332,594,602429173853,4,2010,243
333,953,861243475525,4,2021,634
334,254,206666275808,2,2036,654
335,702,180333898841,7,2030,851
336,868,734797220972,3,2018,655
337,644,978501240268,3,2049,857
338,282,672779597914,3,2005,426
339,207,740085780160,10,2012,142
340,992,519955592869,9,2022,978
341,3,252929406781,5,2022,315
342,539,897458353692,10,2022,624
343,170,935738005410,1,2001,730
344,988,572258043943,6,2021,480
345,848,461020277966,5,2003,315
346,932,677707771788,3,2020,798
347,712,554606386614,8,2039,217
348,759,625748873378,10,2023,667
349,483,451142433823,9,2033,117
350,376,595249852821,6,2049,351
351,625,859598058413,9,2019,709
352,411,399464849740,9,2008,583
353,915,847654734466,7,2031,926
354,532,282314302478,4,2007,730
355,649,405854253037,10,2007,138
356,815,947881409516,12,2046,128
357,732,810915385329,8,2043,469
358,355,276088373127,3,2003,222
359,567,682975818838,10,2029,835
360,796,771838002223,2,2025,613
361,595,530486892915,8,2033,317
362,319,295513866341,4,2012,197
363,460,401428096000,6,2003,913
364,896,161413679918,5,2021,869
365,759,391897652341,3,2020,987
366,12,389818775451,10,2004,782
367,113,513897130755,4,2026,810
368,453,634580055913,7,2002,897
369,688,743230720822,6,2020,766
370,345,779759394446,3,2000,495
371,891,260309007486,4,2031,995
372,148,198137536917,11,2025,874
373,299,896119042106,2,2027,753
374,389,314246591818,1,2029,440
375,280,399993099780,7,2045,229
376,782,258072962680,9,2021,777
377,790,447166074105,2,2033,684
378,869,543062536182,2,2029,621
379,624,801783685562,6,2042,838
380,577,951493294111,12,2021,468
381,946,864352328815,7,2040,710
382,793,141668768879,4,2043,916
383,454,709801103046,1,2016,766
384,492,371655482459,3,2010,646
385,18,783119304165,2,2016,330
386,701,809353559321,9,2026,606
387,322,494210053351,4,2009,674
388,487,624679323789,11,2011,304
389,635,668756502849,4,2011,214
390,855,556439568633,8,2009,463
391,702,909523605277,11,2046,405
392,901,851717225560,2,2001,507
393,584,511864644378,7,2049,642
394,136,495379431661,3,2034,325
395,314,857597892021,7,2002,588
396,236,661395202068,8,2047,912
397,681,546629301498,5,2027,350
398,883,551405753480,5,2001,382
399,538,888946933200,10,2027,318
400,531,247462947115,4,2038,271
401,363,311415847133,2,2013,700
402,992,633030872643,2,2048,877
403,878,814612706425,1,2041,562
404,176,577744321868,5,2012,458
405,717,144722830128,2,2005,798
406,123,988330016641,6,2038,984
407,650,591861996950,11,2046,428
408,44,752388667237,4,2049,223
409,911,590726639381,11,2025,151
410,896,560129608525,9,2011,305
411,817,679163302743,5,2026,191
412,495,262140689433,9,2022,841
413,187,716135946786,8,2008,680
414,909,737956962452,6,2016,659
415,280,771581965244,10,2012,560
416,814,693479694699,3,2039,632
417,702,220330555307,4,2042,508
418,182,871242688914,1,2024,779
419,856,413295130009,7,2016,390
420,320,951508807711,10,2007,146
421,783,169099993614,11,2037,533
422,411,253586941882,7,2035,269
423,867,491285933987,7,2018,293
424,802,995379988985,5,2020,794
425,255,283713556264,11,2025,620
426,776,210243386762,1,2037,315
427,689,237105349636,1,2039,236
428,509,539777653178,10,2018,644
429,427,461514721509,11,2040,528
430,215,424130896761,1,2029,186
431,926,756060560195,12,2047,492
432,292,318894871439,2,2017,645
433,479,254008753896,1,2029,807
434,691,856294776339,2,2026,607
435,419,509584969221,9,2047,808
436,343,422004855534,10,2034,427
437,538,511919851257,10,2026,492
438,434,123044471178,5,2005,487
439,661,587351054516,7,2044,199
440,970,522045497445,12,2008,453
441,177,248225244351,4,2012,915
442,922,463201444278,6,2015,879
443,286,478176623818,11,2048,370
444,437,478403302221,10,2037,208
445,261,825851551400,1,2046,303
446,447,777493183097,1,2046,187
447,652,927685299309,10,2043,419
448,813,431918941491,2,2040,369
449,301,136867143510,6,2022,291
450,919,637795724491,7,2021,266
451,756,242403436986,12,2001,562
452,79,814113671439,11,2043,271
453,535,682600876958,11,2026,780
454,34,962217218315,5,2030,369
455,33,727781049920,11,2043,367
456,187,526628858193,2,2047,326
457,890,272403573375,9,2016,205
458,289,351555437693,2,2030,370
459,750,560528483114,10,2019,919
460,640,932863228742,10,2039,437
461,454,718024334897,6,2022,140
462,320,660526365374,9,2018,542
463,658,558847444717,12,2048,410
464,748,245666536171,2,2028,419
465,105,782613932683,6,2049,236
466,117,518525154319,3,2030,886
467,798,635024255867,5,2025,956
468,726,744907522867,12,2002,127
469,791,755255728951,3,2035,213
470,905,153465841930,2,2012,563
471,964,534045324519,1,2030,910
472,699,209626788934,12,2020,729
473,538,684767988728,7,2005,293
474,269,431952729616,4,2018,714
475,820,890902847921,3,2047,341
476,550,578232722283,8,2037,147
477,194,556633208673,10,2050,391
478,739,565441672187,10,2049,883
479,886,296246136197,2,2042,292
480,230,591543465705,11,2036,457
481,574,273528691674,8,2016,873
482,600,784151228130,8,2001,215
483,943,197318994729,7,2018,763
484,50,781463714889,1,2004,829
485,167,737828879832,6,2027,280
486,425,724656007397,5,2022,848
487,252,124669603526,3,2036,982
488,578,291257401145,10,2032,294
489,362,558877887717,3,2012,243
490,447,475855992922,2,2037,651
491,523,135705990881,1,2029,445
492,96,665873643039,5,2017,899
493,976,693790412703,3,2005,840
494,543,821754598190,8,2005,385
495,816,193552170507,9,2035,649
496,250,364592683197,11,2022,694
497,500,277980080891,10,2045,128
498,462,310361723309,2,2040,478
499,119,830929366649,7,2049,792
500,606,722792832331,5,2049,204
501,110,271597591313,10,2039,442
502,306,969266053489,6,2007,852
503,805,188113157192,5,2047,807
504,922,420029855802,6,2040,661
505,547,735685604009,12,2008,124
506,451,798731859610,7,2004,425
507,227,721258490612,5,2008,900
508,115,531062879067,2,2037,312
509,621,127586301449,11,2027,534
510,744,689191104920,8,2036,233
511,582,343929044435,11,2010,587
512,820,928229500714,1,2042,229
513,537,608771020679,2,2036,472
514,759,815632768576,11,2015,639
515,728,571644105685,9,2034,557
516,915,740609855938,12,2029,135
517,940,142581901912,12,2043,593
518,520,181018525557,8,2012,159
519,293,785814962635,4,2019,808
520,234,445783519713,4,2041,238
521,198,372612340511,7,2027,769
522,546,375164641918,9,2034,717
523,259,860481445590,7,2043,757
524,455,122934229087,3,2014,543
525,605,479824741396,7,2022,676
526,590,511906424726,7,2003,756
527,968,482546676208,10,2034,750
528,430,676495543851,4,2027,222
529,135,492142340581,12,2037,391
530,526,766107183584,5,2029,868
531,98,395692841040,5,2040,624
532,695,424667244662,4,2050,452
533,861,192900270648,11,2000,566
534,506,361927225657,11,2009,187
535,533,337574375660,4,2021,883
536,160,606283958515,6,2010,885
537,643,634494435515,6,2043,681
538,619,852334157855,9,2022,538
539,181,284865362922,7,2002,322
540,295,323979326094,10,2010,630
541,694,300670583045,7,2026,434
542,585,480004110207,8,2024,158
543,959,396659482037,7,2015,652
544,749,350430536515,7,2001,594
545,385,945686373010,6,2044,591
546,718,117051879585,11,2000,430
547,31,484842780327,11,2043,884
548,550,798905632988,9,2010,122
549,608,224091037065,8,2037,924
550,398,439978545528,10,2009,742
551,822,691254503054,6,2013,315
552,56,395069197273,7,2035,693
553,740,612415557244,4,2023,186
554,932,626157470251,2,2014,655
555,745,401899896985,3,2018,965
556,582,537054293500,10,2029,965
557,167,303323757370,7,2010,447
558,879,697519545621,8,2001,798
559,663,601136742825,6,2022,744
560,417,459771345659,6,2047,739
561,106,350767177271,5,2031,513
562,242,697724720149,1,2014,194
563,213,648087727186,9,2044,337
564,616,323228343169,3,2006,713
565,52,640089978352,1,2007,420
566,151,204505896314,2,2049,590
567,47,364837821897,3,2024,737
568,139,239276128949,12,2030,119
569,307,698435563695,11,2049,729
570,250,345572932737,4,2014,314
571,669,823540134780,4,2020,768
572,910,726853927657,10,2024,814
573,266,855379458151,6,2019,744
574,597,758573634400,7,2036,428
575,344,520556623418,3,2013,412
576,950,292996867106,10,2036,507
577,602,830462795757,7,2000,733
578,30,943200556693,7,2023,587
579,857,301971822218,5,2008,752
580,988,220568646408,4,2035,833
581,649,824184737876,8,2032,983
582,629,171123407989,7,2001,867
583,408,765484793118,7,2032,452
584,247,404712611045,5,2003,992
585,248,954544639975,6,2045,940
586,976,824534694042,6,2031,134
587,557,518308399531,12,2029,585
588,148,681905847440,7,2028,794
589,974,269451448043,10,2048,617
590,416,689317788144,9,2035,288
591,889,552210114214,4,2005,879
592,995,329231206459,4,2016,503
593,841,269822459117,3,2006,909
594,325,410790063142,9,2019,852
595,263,786179914470,10,2005,350
596,391,325476712949,8,2031,494
597,967,422027290186,4,2035,305
598,444,926927910567,10,2022,217
599,552,557807344862,6,2024,949
600,873,492759359138,1,2010,707
601,183,823367028062,6,2003,550
602,446,880750086939,5,2022,739
603,804,623690962264,1,2036,253
604,396,532806929115,9,2043,412
605,622,859280949065,1,2036,714
606,174,197856804438,12,2010,197
607,321,559446509545,11,2049,875
608,979,439856702726,5,2020,600
609,786,489326833507,8,2031,955
610,697,897834193588,4,2019,159
611,852,143193244187,5,2040,327
612,599,882613741550,9,2040,553
613,438,512006295844,3,2027,406
614,668,407096926755,9,2042,720
615,274,786960742322,4,2018,149
616,494,879698624769,4,2049,517
617,258,124003381244,2,2025,806
618,710,198075754237,4,2019,151
619,997,312087056020,6,2008,203
620,666,136012358551,6,2050,231
621,771,424308743157,7,2024,615
622,338,802256992928,8,2018,625
623,850,310657038569,5,2025,406
624,876,320297401705,2,2038,274
625,345,925555698270,1,2047,782
626,718,714260799393,12,2038,103
627,510,227840191076,11,2025,843
628,440,790236769273,3,2012,408
629,501,604687552337,5,2004,831
630,728,739183879296,1,2047,118
631,393,655283532357,10,2007,556
632,387,417265080697,11,2042,182
633,860,308297113256,7,2026,611
634,749,645906443203,11,2030,556
635,86,445826676725,8,2022,478
636,208,249778013886,9,2035,167
637,911,159480039161,6,2006,588
638,609,208483279178,8,2043,697
639,37,127921980321,12,2043,656
640,399,257205689546,4,2015,886
641,121,591834865506,11,2040,640
642,292,309718609795,1,2004,552
643,643,639711965414,1,2018,298
644,29,463837379341,2,2034,936
645,687,517983963776,6,2002,104
646,294,875382845965,5,2010,244
647,634,795368542928,7,2004,147
648,736,994934575765,2,2035,331
649,913,207602297269,5,2050,668
650,135,437536934564,10,2019,955
651,947,137735660200,2,2030,578
652,556,544058427466,4,2030,309
653,300,346577917451,7,2050,209
654,728,739895926996,7,2037,252
655,672,364390695208,6,2039,335
656,740,939805928596,3,2011,928
657,921,555412625552,8,2024,867
658,664,984263413516,9,2016,150
659,258,919331462660,5,2023,558
660,809,908662020790,2,2049,204
661,47,448781275593,10,2041,753
662,114,388302283383,2,2015,643
663,22,928444216839,9,2033,962
664,583,131772026279,12,2023,384
665,789,958274898098,2,2046,170
666,91,828111275620,12,2044,549
667,416,582356965093,12,2018,106
668,352,946697055573,4,2026,218
669,345,590662822172,10,2004,162
670,966,491948140177,12,2009,339
671,122,848998999535,11,2022,868
672,470,441485216876,10,2026,514
673,986,600844381819,6,2043,774
674,180,876049570937,8,2008,294
675,326,458105746298,10,2013,759
676,506,656289104423,5,2008,963
677,839,835692325550,3,2017,542
678,619,754369326179,2,2032,200
679,641,449803870678,12,2046,437
680,75,643920001033,11,2042,440
681,964,539489531715,4,2006,644
682,169,941760497893,8,2032,974
683,344,779270878131,3,2019,826
684,271,843200531077,7,2016,360
685,900,882426017718,12,2035,629
686,383,507661503857,7,2050,258
687,163,241383872740,11,2002,668
688,578,615014512529,1,2012,985
689,248,811357900514,5,2045,382
690,428,547996285704,9,2043,950
691,824,648549435556,10,2025,140
692,103,766634537862,12,2015,463
693,525,147026449313,12,2009,242
694,478,342472104937,6,2048,886
695,970,823914919424,9,2007,413
696,212,825096293822,4,2049,105
697,574,661507583536,6,2000,851
698,691,516779983019,12,2028,962
699,12,922945726667,11,2043,664
700,533,925854311951,5,2017,936
701,622,742951091711,10,2003,635
702,333,314543630253,3,2010,647
703,730,556300102683,6,2022,650
704,587,412531532071,5,2030,930
705,867,530891179989,5,2009,282
706,693,544214118984,11,2000,526
707,315,611110175096,3,2031,465
708,377,961113032398,2,2024,312
709,767,995395258991,1,2006,871
710,466,858922737727,11,2019,935
711,366,384444258435,5,2033,435
712,34,165425371258,3,2013,135
713,936,557899114869,4,2006,723
714,579,779172988324,12,2025,175
715,747,897989803588,8,2021,704
716,288,151405114878,9,2018,500
717,211,925107065788,7,2048,286
718,740,587448465968,11,2016,926
719,73,863251524576,11,2021,461
720,660,219684818376,7,2033,488
721,80,563228270034,10,2031,992
722,987,454172116296,8,2013,993
723,19,962713961906,6,2020,356
724,441,480309908387,3,2009,854
725,880,252554172933,1,2010,715
726,156,577642585794,3,2032,889
727,30,112732643488,8,2013,178
728,62,946599093749,5,2026,635
729,197,372909251405,11,2027,621
730,827,725813031117,10,2050,682
731,841,461723914899,10,2034,492
732,291,163839123406,4,2047,304
733,410,342533202452,9,2017,868
734,82,772597616158,8,2001,836
735,559,918761098154,9,2037,769
736,3,388494524952,5,2007,810
737,572,912289470407,1,2043,942
738,64,830813891422,8,2026,184
739,865,422341704290,9,2016,844
740,436,581565477654,8,2042,872
741,840,947832976997,1,2044,753
742,780,403535036395,7,2040,375
743,276,383364245022,6,2018,147
744,626,914338408399,6,2039,162
745,191,651501356415,5,2041,485
746,837,861477564881,3,2008,880
747,545,433035365770,1,2050,259
748,601,892293467300,4,2015,644
749,922,313044633120,9,2036,566
750,284,212083018785,8,2049,746
751,84,787558169531,9,2035,580
752,839,374918201351,5,2023,661
753,656,165791938437,10,2007,764
754,557,162838959255,10,2008,259
755,149,853753585818,10,2039,857
756,432,498391632377,6,2029,850
757,295,550421284456,6,2044,841
758,478,634612942371,9,2043,888
759,498,527747646648,1,2015,624
760,738,525064751501,3,2015,127
761,117,277256421017,10,2019,897
762,908,495641755311,2,2000,227
763,177,723111953855,6,2010,780
764,285,691713334869,7,2038,627
765,111,122587555673,6,2018,388
766,544,446822421394,12,2010,816
767,458,720094152447,9,2041,219
768,697,564145213254,8,2038,167
769,579,328146992085,12,2046,953
770,533,205889027146,4,2022,613
771,497,405004899468,6,2000,662
772,202,345837714841,8,2008,197
773,299,338920423981,1,2039,236
774,403,812547770960,5,2005,329
775,904,262618542818,3,2012,794
776,212,392273454551,8,2007,381
777,962,530566453795,7,2010,922
778,245,769850645041,7,2048,718
779,785,431237486072,3,2030,891
780,580,814054773561,6,2029,531
781,612,667866406999,4,2010,829
782,805,472902585692,9,2014,926
783,646,875594397060,7,2005,840
784,475,838880768194,10,2031,643
785,852,259146532113,11,2024,849
786,807,415038311264,2,2017,154
787,519,916032048611,10,2028,734
788,370,214623327188,1,2023,131
789,543,884031988276,7,2027,363
790,27,419782674769,8,2037,687
791,745,329362641007,5,2044,875
792,34,860646920395,8,2049,640
793,830,640972648613,4,2017,937
794,742,397208321826,9,2008,433
795,324,544782824695,12,2023,349
796,265,811211615040,9,2025,944
797,684,965753039442,7,2032,577
798,86,607481054447,5,2024,707
799,476,156410806413,8,2027,175
800,912,150206080355,8,2019,534
801,153,437488711829,12,2048,560
802,531,808085573350,5,2048,125
803,817,220003561703,5,2001,866
804,947,263098900263,9,2022,746
805,483,342565674820,12,2041,332
806,912,382872112547,11,2050,352
807,270,716665304617,8,2050,574
808,122,249678362785,12,2028,704
809,46,741652800160,10,2044,825
810,790,676405175222,11,2027,597
811,557,635670294925,7,2023,310
812,15,289262513629,3,2040,766
813,849,519761579545,8,2032,150
814,592,546319072586,10,2046,999
815,284,415190664545,8,2032,142
816,326,656012666738,6,2021,141
817,68,829232967231,5,2033,749
818,779,116280467288,9,2001,426
819,727,111266094712,7,2009,866
820,177,770736127813,6,2033,798
821,112,826586125796,1,2008,143
822,893,423478712268,10,2013,652
823,951,723288547532,8,2048,840
824,707,505781015885,8,2017,171
825,7,820042406278,2,2030,355
826,854,363932099616,11,2019,470
827,306,602256616721,11,2050,205
828,148,265751699002,12,2045,630
829,941,320967091588,5,2004,507
830,920,282898031939,3,2049,453
831,554,236606646055,11,2044,545
832,411,350543509995,3,2017,217
833,363,185063524339,12,2047,268
834,158,624098706352,4,2044,766
835,233,934513872787,9,2041,960
836,770,484893455180,1,2041,618
837,630,390096506485,8,2028,514
838,371,600486283207,5,2007,823
839,803,266162117193,1,2046,112
840,573,126281049789,5,2004,963
841,246,118833747569,3,2038,276
842,315,347539410440,6,2022,540
843,791,395410876760,2,2012,814
844,498,212260941203,6,2014,373
845,722,489439360833,3,2005,992
846,45,306234727567,7,2028,312
847,156,416630427668,6,2049,921
848,416,435378670072,4,2006,961
849,29,133497042189,6,2000,714
850,974,505428587385,4,2046,437
851,13,554214361072,8,2012,606
852,727,701215169113,3,2050,393
853,219,960734822711,2,2042,373
854,848,715570517454,12,2020,914
855,571,919202957630,3,2032,161
856,998,118791551366,9,2045,134
857,471,922355811229,3,2044,919
858,427,402950616498,8,2033,172
859,837,517116537083,1,2011,999
860,421,368938147449,1,2008,101
861,251,660469147724,6,2012,121
862,711,387794666450,2,2025,294
863,504,320042047079,7,2040,732
864,131,285074938577,1,2005,824
865,581,789605595568,10,2000,707
866,850,387417362493,12,2042,913
867,387,292673734123,9,2033,821
868,452,357534346333,9,2021,615
869,619,648410252578,8,2043,481
870,685,116736240042,1,2027,972
871,952,131926046423,4,2021,324
872,295,214092757392,5,2018,367
873,464,238521458026,7,2028,239
874,103,930012189850,7,2023,587
875,439,190910927543,3,2029,590
876,213,204655446428,4,2046,437
877,575,437695789465,3,2028,706
878,622,338956569135,7,2025,912
879,518,696553850456,5,2007,118
880,74,975103685696,5,2044,112
881,496,581413571272,2,2020,619
882,893,901527840925,2,2000,869
883,189,434251140090,10,2017,607
884,649,635594110975,6,2011,550
885,222,767898178073,6,2001,902
886,41,235263843641,1,2011,119
887,882,512023536536,3,2002,232
888,300,905668600274,2,2037,832
889,431,846560882510,6,2028,980
890,859,902395814319,2,2009,290
891,514,643895243252,8,2047,511
892,63,640127349207,8,2023,546
893,825,765223301475,5,2030,358
894,306,750264447108,9,2029,584
895,441,689851965905,4,2031,617
896,806,290240026877,5,2011,781
897,926,382381117718,9,2042,428
898,399,542813925864,2,2015,272
899,590,712707260741,4,2043,461
900,687,424994675864,11,2018,704
901,700,714832897726,10,2036,682
902,10,961298614348,5,2048,260
903,344,149191967855,6,2034,724
904,604,874374074958,11,2030,512
905,494,739774753729,5,2041,166
906,475,701385982582,12,2029,153
907,272,551623538770,11,2016,726
908,89,845745541414,6,2000,689
909,955,759852897220,12,2016,685
910,645,356668001590,11,2020,957
911,452,699928762103,7,2020,164
912,921,618223842495,8,2045,304
913,891,665385680694,2,2032,443
914,662,515382465698,1,2013,786
915,281,402741244163,7,2016,689
916,375,686733925181,6,2009,619
917,831,666818589644,8,2030,729
918,814,232038247523,12,2013,116
919,949,240492377778,6,2012,780
920,441,486268862737,8,2022,966
921,373,815324592881,5,2004,446
922,107,559466710204,7,2005,580
923,251,806652780888,6,2009,804
924,565,845968756914,3,2049,576
925,109,171606755512,2,2016,545
926,343,156400300024,12,2047,543
927,332,312727400091,7,2039,132
928,170,299166659290,3,2028,955
929,85,575125429387,5,2004,663
930,958,875774709738,1,2050,517
931,219,833679465436,4,2018,974
932,563,534358785374,3,2049,809
933,164,842843068285,2,2007,736
934,825,926908562172,9,2004,786
935,766,597565161241,6,2001,343
936,159,293713313536,7,2032,128
937,183,963229478622,11,2047,124
938,194,499747761849,3,2041,468
939,877,815085045055,7,2004,733
940,195,422800311255,10,2026,463
941,438,735578668369,5,2024,725
942,707,999480164627,5,2037,911
943,734,783418874357,1,2016,876
944,869,895645954063,9,2005,687
945,66,419896531038,7,2023,507
946,455,232300812952,7,2014,515
947,279,863372635930,5,2035,358
948,95,393719848357,5,2011,326
949,948,432872260783,10,2024,761
950,526,496884515201,2,2048,253
951,59,995579831568,5,2006,222
952,850,567530746994,1,2045,585
953,15,182037862997,1,2021,320
954,617,562084469837,5,2013,784
955,847,921899167460,3,2007,734
956,714,584961791354,11,2003,188
957,707,515302219892,6,2050,787
958,563,388208361388,11,2040,318
959,623,634284884312,10,2012,527
960,883,379476632996,3,2008,392
961,277,839941143558,9,2023,756
962,288,333356572006,4,2033,211
963,958,124349690273,4,2003,783
964,633,368554565833,7,2029,283
965,646,921764338312,4,2044,690
966,284,398660784089,7,2026,524
967,70,501895069302,5,2037,990
968,340,135302404772,12,2047,468
969,427,470287110330,6,2047,714
970,469,388245623711,7,2015,943
971,485,121165977883,7,2047,591
972,67,278747384143,7,2003,579
973,641,562625725231,9,2023,485
974,629,351042331614,6,2038,913
975,977,761603836829,12,2048,483
976,562,574031689322,2,2048,136
977,703,594708946217,6,2050,789
978,874,403952630294,2,2013,139
979,869,794841903641,4,2034,185
980,89,692448198207,7,2000,972
981,752,706281216775,5,2047,419
982,900,846274848731,2,2011,800
983,434,542293194495,7,2015,383
984,304,977319656210,11,2035,102
985,107,895684561252,10,2041,506
986,885,819426007552,6,2025,617
987,386,839111689045,4,2002,567
988,647,433683216833,8,2034,373
989,821,716077899967,10,2025,728
990,806,259842106510,6,2039,987
991,837,342892917268,5,2010,281
992,953,663282058662,8,2029,128
993,155,715062316774,7,2024,369
994,38,360157900339,11,2034,491
995,280,884379075055,12,2010,458
996,494,679461428813,5,2009,453
997,235,119288687550,4,2044,797
998,717,666354567151,3,2029,631
999,983,908810335941,11,2015,869
1000,877,695803486107,3,2021,857
