customer_id,payment_id,purchase_cost,purchase_date
1,714,125.67,2022-04-20 19:30:04
2,19,455.28,2023-01-02 21:52:22
3,215,482.87,2022-10-24 05:47:34
4,857,273.81,2022-11-08 10:53:35
5,635,976.55,2022-12-09 23:40:52
6,469,231.75,2022-04-29 22:07:12
7,240,355.42,2023-01-14 11:49:09
8,954,398.36,2023-01-03 19:17:52
9,46,764.87,2022-02-26 03:05:56
10,678,799.36,2022-12-14 03:13:12
11,724,736.87,2022-05-20 05:27:17
12,267,252.12,2022-08-04 21:46:31
13,151,162.84,2022-11-07 12:32:11
14,264,663.74,2022-03-02 16:50:39
15,736,904.15,2022-05-12 17:55:48
16,492,827.03,2022-09-15 06:11:52
17,705,538.36,2022-05-17 19:01:21
18,911,178.89,2022-06-25 00:46:46
19,60,967.26,2023-01-18 14:09:01
20,853,575.39,2022-11-21 00:28:33
21,716,774.48,2022-03-17 06:38:52
22,391,720.57,2023-01-27 10:05:25
23,128,62.04,2022-10-06 13:58:02
24,588,382.61,2022-05-26 10:07:09
25,256,542.62,2022-03-16 17:25:51
26,77,261.39,2022-05-13 23:13:16
27,986,851.08,2022-04-20 10:30:43
28,61,133.08,2022-04-04 11:16:45
29,424,688.25,2023-01-30 15:13:03
30,749,552.49,2022-09-10 01:43:11
31,386,545.69,2022-04-15 14:39:13
32,682,748.19,2022-03-18 02:50:21
33,319,673.21,2022-11-08 19:43:40
34,157,368.78,2022-08-11 20:46:24
35,204,777.6,2023-01-28 20:43:47
36,450,960.04,2022-06-27 23:33:51
37,355,927.19,2022-03-01 05:48:03
38,706,219.94,2022-08-13 07:48:08
39,438,414.81,2022-03-04 19:27:56
40,6,7.18,2022-06-03 07:33:52
41,245,223.35,2022-10-21 20:18:22
42,520,556.18,2022-12-03 21:02:51
43,539,646.19,2022-09-03 01:21:26
44,280,675.21,2022-05-15 00:46:25
45,983,933.42,2023-02-01 07:11:05
46,4,780.68,2022-07-21 13:46:38
47,431,343.58,2022-12-22 16:31:05
48,164,531.53,2023-01-17 07:08:08
49,226,957.07,2022-10-14 01:54:25
50,232,194.46,2022-05-23 17:00:33
51,657,219.8,2022-08-12 00:35:34
52,531,999.24,2022-08-15 14:09:23
53,982,374.59,2022-06-19 02:58:44
54,322,600.82,2022-05-27 10:42:51
55,397,495.24,2022-04-26 01:49:24
56,557,208.36,2022-04-12 05:55:35
57,800,234.51,2022-06-04 15:16:24
58,743,729.84,2022-11-29 14:29:23
59,360,655.58,2022-06-14 02:59:41
60,249,725.45,2022-07-26 11:17:21
61,482,909.03,2022-07-23 05:43:30
62,952,382.37,2022-04-29 16:00:21
63,255,322.31,2022-08-28 02:26:21
64,967,349.49,2022-07-26 23:27:14
65,511,970.07,2023-01-26 15:47:29
66,696,586.82,2022-10-08 10:09:56
67,354,964.95,2022-10-09 04:42:03
68,536,700.15,2022-11-11 14:29:30
69,405,323.86,2022-10-24 15:09:20
70,450,964.02,2022-05-10 08:09:02
71,659,379.52,2022-07-14 18:16:55
72,606,166.93,2022-09-12 22:24:26
73,15,109.38,2023-01-25 04:04:03
74,852,390.65,2023-01-15 06:22:55
75,384,188.97,2022-11-24 08:58:01
76,854,549.37,2022-07-05 03:55:06
77,79,324.92,2022-03-11 17:34:20
78,834,146.89,2022-02-24 07:14:37
79,390,600.6,2022-07-31 19:02:39
80,17,347.39,2022-12-18 14:28:53
81,592,234.25,2022-02-27 22:33:55
82,713,750.84,2022-04-24 13:22:41
83,78,270.67,2023-01-10 02:06:17
84,269,463.3,2023-01-21 09:49:34
85,238,857.03,2022-02-24 05:26:37
86,750,746.64,2022-02-21 18:39:49
87,353,612.05,2022-08-31 11:35:55
88,905,520.75,2022-08-18 08:16:08
89,271,160.55,2022-07-25 00:34:28
90,513,132.93,2022-09-26 06:10:25
91,159,171.48,2023-01-23 04:49:05
92,108,920.68,2022-10-03 15:15:22
93,784,840.58,2022-09-01 06:00:01
94,36,460.53,2022-11-25 13:55:56
95,391,694.56,2022-09-12 03:15:07
96,433,227.94,2022-09-27 12:33:08
97,401,473.99,2022-12-30 08:02:17
98,522,513.89,2022-12-06 00:56:40
99,357,272.85,2022-10-28 01:02:53
100,310,230.25,2022-06-27 12:32:33
101,335,496.77,2022-04-22 09:17:29
102,156,679.5,2023-01-19 19:26:28
103,71,745.86,2022-11-07 03:38:30
104,867,973.47,2022-05-17 17:05:28
105,76,422.96,2022-06-21 09:04:24
106,490,409.69,2022-05-29 14:23:06
107,118,179.05,2022-07-19 05:27:35
108,716,194.95,2022-04-10 16:50:38
109,577,991.13,2022-10-19 09:02:37
110,888,60.04,2022-07-10 21:50:13
111,353,280.65,2023-02-07 18:07:38
112,895,272.65,2022-09-14 21:37:53
113,836,707.39,2022-09-22 14:01:10
114,189,542.9,2023-02-08 02:35:24
115,560,41.21,2022-08-07 19:56:29
116,715,150.27,2022-12-15 05:15:29
117,535,909.62,2022-02-20 09:41:51
118,762,260.2,2022-12-02 22:06:55
119,300,228.5,2022-11-29 23:00:20
120,788,420.35,2022-02-25 23:18:37
121,637,101.27,2022-03-23 11:28:21
122,208,686.36,2022-03-29 21:03:30
123,27,439.3,2023-01-05 17:21:19
124,820,312.55,2022-08-22 13:14:48
125,456,532.45,2023-01-06 05:37:47
126,153,585.74,2022-08-08 12:45:02
127,967,980.77,2022-05-30 00:29:25
128,17,470.38,2023-01-31 21:46:51
129,914,621.0,2022-05-06 12:33:52
130,810,764.99,2022-09-08 19:43:52
131,286,528.71,2022-03-19 15:32:07
132,866,814.92,2023-01-13 11:17:39
133,827,921.06,2022-05-20 00:52:52
134,20,781.21,2022-11-11 03:37:40
135,210,984.85,2022-04-01 00:36:32
136,9,678.79,2022-04-06 11:59:28
137,595,322.75,2022-03-02 16:41:18
138,498,515.01,2022-04-08 07:01:14
139,683,201.37,2023-02-04 06:12:24
140,655,7.66,2022-07-25 19:59:58
141,409,685.86,2023-02-10 15:24:12
142,277,263.07,2022-03-04 17:56:06
143,692,852.64,2022-07-27 18:44:54
144,976,739.91,2022-04-20 15:07:35
145,280,839.75,2023-01-12 03:20:59
146,734,556.42,2022-06-01 20:50:59
147,969,65.98,2022-11-19 04:41:31
148,64,524.22,2022-06-11 23:51:59
149,242,896.33,2022-12-12 21:15:38
150,840,92.94,2022-12-13 13:08:45
151,119,681.53,2022-12-22 09:23:33
152,963,896.73,2023-01-07 17:34:37
153,638,184.94,2022-02-25 08:46:25
154,559,704.69,2022-09-06 22:29:00
155,839,243.89,2022-04-28 16:10:15
156,922,336.01,2022-12-25 05:09:50
157,636,236.17,2022-08-07 23:28:52
158,375,436.69,2022-09-26 17:30:23
159,648,27.54,2022-07-13 00:06:05
160,543,925.61,2022-06-14 16:56:56
161,975,939.44,2022-05-27 10:17:04
162,915,85.67,2022-03-09 08:38:42
163,11,346.4,2022-12-08 03:14:41
164,964,176.96,2022-11-05 05:38:11
165,968,848.52,2022-04-23 13:19:42
166,403,971.97,2022-06-25 17:44:36
167,880,903.75,2022-05-13 10:51:54
168,383,229.15,2022-11-10 22:37:02
169,850,356.83,2022-06-18 08:43:05
170,888,521.33,2022-09-26 14:05:49
171,140,461.67,2022-07-17 09:21:24
172,135,449.7,2022-08-31 23:02:29
173,171,645.86,2023-02-11 04:16:07
174,477,348.77,2022-04-26 11:59:29
175,757,726.68,2022-06-16 09:53:58
176,393,427.59,2022-07-24 02:18:41
177,526,553.21,2022-04-07 07:09:04
178,108,898.29,2022-03-18 03:19:06
179,482,851.14,2022-04-25 03:35:42
180,804,406.7,2023-02-06 06:28:02
181,981,358.67,2022-03-20 19:03:46
182,759,858.47,2022-07-10 01:35:16
183,720,979.36,2022-08-13 15:37:16
184,562,777.44,2022-04-18 21:26:39
185,941,152.73,2022-07-04 15:39:40
186,917,560.06,2022-03-06 19:36:06
187,898,234.15,2023-02-08 05:44:43
188,172,401.51,2022-05-25 05:47:02
189,499,842.05,2022-11-05 05:20:38
190,933,706.15,2022-10-31 13:14:52
191,705,894.59,2022-11-26 12:54:22
192,182,306.43,2022-12-23 19:18:00
193,656,833.91,2022-06-28 09:19:31
194,732,586.89,2022-07-07 06:28:39
195,729,996.81,2022-11-10 19:00:38
196,395,181.54,2022-03-05 20:50:51
197,409,359.53,2022-08-02 09:31:29
198,876,168.23,2022-08-06 01:44:51
199,121,389.51,2023-01-31 12:55:44
200,639,379.21,2022-12-04 13:27:45
201,660,594.61,2022-08-15 00:35:20
202,47,432.27,2023-02-13 10:36:06
203,565,391.07,2022-02-28 21:39:14
204,432,142.95,2022-08-20 03:41:34
205,535,889.38,2022-03-03 07:28:32
206,173,649.49,2022-10-01 06:31:58
207,282,67.3,2022-05-30 16:50:25
208,30,227.36,2022-10-29 07:55:24
209,320,690.39,2022-04-02 08:00:15
210,954,891.9,2022-12-23 05:38:19
211,594,405.99,2022-10-03 22:36:28
212,605,352.11,2022-05-02 02:20:13
213,302,638.35,2022-11-17 17:28:42
214,645,405.91,2022-10-02 22:22:14
215,45,241.15,2022-06-16 17:55:42
216,209,68.51,2022-05-04 00:53:02
217,903,300.15,2022-02-25 19:15:50
218,10,330.12,2022-06-06 15:31:32
219,522,77.22,2022-09-01 10:14:56
220,466,388.22,2022-08-18 06:19:14
221,717,705.71,2022-04-22 22:12:38
222,291,370.89,2022-12-08 13:36:37
223,434,200.05,2023-02-14 02:27:46
224,99,768.85,2022-07-27 13:26:17
225,566,981.06,2022-04-06 12:53:28
226,630,974.29,2022-07-19 04:16:35
227,223,144.77,2022-12-26 14:42:21
228,686,283.99,2022-09-29 11:18:29
229,32,648.54,2022-08-04 10:29:00
230,929,86.64,2023-01-21 07:31:51
231,981,213.93,2022-05-21 09:15:14
232,978,497.77,2022-10-17 03:22:08
233,33,456.91,2022-06-28 12:42:59
234,785,767.65,2022-03-12 00:43:31
235,834,582.13,2022-08-05 10:11:36
236,961,924.82,2022-12-09 13:26:20
237,191,541.44,2022-03-04 17:57:45
238,503,613.33,2022-10-25 12:09:21
239,66,123.62,2022-12-27 13:37:06
240,3,985.26,2022-09-24 09:38:44
241,137,888.14,2022-04-30 15:27:48
242,947,722.02,2022-04-14 05:56:09
243,563,7.01,2022-05-09 18:32:28
244,983,545.18,2022-10-28 12:05:13
245,603,165.39,2022-03-08 00:24:55
246,558,538.62,2022-07-13 09:26:59
247,950,953.1,2022-07-18 09:35:38
248,73,512.4,2022-11-29 00:36:59
249,616,201.33,2022-02-26 02:54:17
250,847,332.18,2022-10-21 07:42:51
251,900,109.61,2022-07-03 23:15:30
252,413,235.13,2022-08-26 16:29:41
253,961,419.51,2022-12-13 18:38:41
254,102,864.2,2022-02-21 16:58:57
255,530,178.47,2022-05-13 14:14:48
256,176,127.33,2022-04-27 21:22:31
257,766,42.47,2022-02-21 19:25:41
258,22,973.9,2022-04-30 13:44:59
259,289,976.45,2022-04-30 06:42:16
260,783,730.72,2022-06-01 04:05:39
261,57,33.02,2022-10-04 14:50:07
262,879,567.9,2022-07-09 09:33:24
263,59,973.11,2022-03-12 20:20:00
264,148,257.72,2022-03-03 22:42:01
265,321,109.61,2022-11-24 09:14:41
266,801,149.55,2023-01-04 23:21:35
267,243,177.69,2022-04-25 01:23:27
268,43,487.21,2022-12-05 04:30:34
269,183,797.92,2022-10-20 22:16:41
270,430,271.09,2022-04-14 10:19:28
271,965,54.82,2022-09-16 12:50:38
272,373,246.22,2022-04-04 00:23:07
273,582,664.75,2022-08-30 10:08:34
274,337,971.55,2022-07-13 13:49:13
275,177,48.7,2022-12-06 23:47:01
276,400,743.42,2022-04-03 11:17:31
277,47,685.98,2022-03-12 04:32:07
278,761,464.93,2022-12-16 07:43:56
279,1000,644.6,2022-11-01 10:32:33
280,489,449.95,2022-10-05 10:31:24
281,848,122.7,2023-01-03 17:47:51
282,9,21.74,2022-05-10 11:32:15
283,533,669.12,2022-10-19 00:37:27
284,459,789.95,2022-04-13 07:36:50
285,171,894.99,2022-06-03 06:35:05
286,967,625.58,2022-04-13 11:22:51
287,791,16.8,2023-01-25 16:52:28
288,293,429.6,2022-09-13 21:58:38
289,641,412.86,2022-10-08 17:22:05
290,75,929.94,2022-04-04 08:52:34
291,52,452.28,2023-02-14 13:49:58
292,404,764.28,2022-12-01 00:51:40
293,947,509.02,2022-07-07 20:18:07
294,810,119.79,2022-06-24 22:34:40
295,528,316.28,2022-08-20 04:17:43
296,648,83.88,2022-11-10 20:27:18
297,143,700.21,2023-01-26 06:19:55
298,107,302.71,2022-11-09 14:51:04
299,272,848.09,2022-03-18 23:40:36
300,336,191.29,2022-09-08 19:41:53
301,823,833.26,2022-05-13 09:53:28
302,738,251.96,2022-04-06 11:41:49
303,985,510.23,2022-06-22 11:41:30
304,138,461.82,2022-07-16 11:16:47
305,545,795.66,2022-07-18 03:59:32
306,872,576.77,2022-07-15 15:16:30
307,829,535.82,2022-06-26 04:52:04
308,462,114.91,2022-04-03 05:42:45
309,891,208.49,2022-03-24 19:42:04
310,434,295.19,2022-06-15 01:44:34
311,945,389.0,2022-05-24 10:51:55
312,727,978.98,2022-07-28 07:13:23
313,661,341.43,2022-07-31 03:00:41
314,992,70.23,2022-11-08 17:16:22
315,890,580.93,2022-04-18 08:17:04
316,915,598.96,2022-07-04 22:10:28
317,866,922.81,2022-04-13 16:34:33
318,788,975.27,2022-10-23 05:53:23
319,543,729.05,2022-08-18 10:24:52
320,84,369.63,2022-09-06 06:07:37
321,506,504.88,2023-02-16 02:24:17
322,499,481.84,2022-09-20 05:00:54
323,843,296.39,2022-04-28 03:35:32
324,762,774.56,2022-09-27 08:02:05
325,533,118.1,2022-03-28 07:32:57
326,870,630.95,2022-09-28 22:13:09
327,400,586.24,2022-02-22 04:11:25
328,808,60.08,2022-05-19 15:45:29
329,280,925.15,2022-04-04 03:52:19
330,184,235.87,2022-08-07 15:31:14
331,230,634.12,2022-10-22 06:25:07
332,639,91.25,2022-11-06 19:06:42
333,315,881.92,2022-06-26 04:38:11
334,24,357.77,2022-08-28 19:10:10
335,541,994.36,2023-01-04 22:36:42
336,148,970.46,2022-03-27 10:03:38
337,155,67.34,2022-05-14 19:50:26
338,154,263.7,2022-12-18 20:23:32
339,137,833.27,2022-05-20 22:32:24
340,534,499.95,2022-03-15 14:50:54
341,379,779.15,2022-10-01 06:26:42
342,220,27.45,2022-12-13 00:39:37
343,453,30.35,2022-06-23 12:00:48
344,692,301.41,2022-11-25 18:24:12
345,244,982.12,2022-06-16 08:22:39
346,574,496.43,2022-03-05 01:19:14
347,719,529.26,2022-11-27 09:31:32
348,355,137.06,2022-07-24 10:30:38
349,572,677.56,2022-03-05 18:41:19
350,164,786.02,2022-10-11 05:31:50
351,946,788.77,2022-05-01 05:35:19
352,989,558.4,2022-05-14 17:55:42
353,417,15.94,2022-12-07 14:36:06
354,429,764.71,2022-12-04 16:49:10
355,147,428.12,2022-04-15 03:03:45
356,660,199.04,2022-11-21 00:06:28
357,51,530.59,2022-12-07 06:42:01
358,291,492.22,2022-04-13 20:32:34
359,262,548.74,2022-11-08 04:20:30
360,622,2.57,2022-03-16 18:54:38
361,714,492.94,2022-05-02 01:32:09
362,956,773.21,2023-02-09 04:59:59
363,639,222.05,2023-01-07 16:25:49
364,138,835.99,2022-04-26 06:43:26
365,10,583.33,2022-03-16 20:11:23
366,308,814.23,2022-10-26 09:40:14
367,59,973.81,2022-11-02 03:03:20
368,213,92.16,2022-09-10 03:24:11
369,458,879.52,2022-07-02 17:46:07
370,728,458.85,2022-04-21 22:52:08
371,65,539.63,2022-08-28 23:17:13
372,844,520.45,2022-07-16 11:30:54
373,471,303.2,2022-05-17 23:00:49
374,823,524.47,2022-09-27 00:12:20
375,272,273.64,2022-11-13 14:17:31
376,421,976.64,2022-10-06 03:20:10
377,860,495.04,2022-09-13 22:52:30
378,920,907.74,2022-11-11 09:31:26
379,682,797.07,2023-02-15 10:26:53
380,782,651.69,2022-10-10 15:42:30
381,268,121.75,2022-08-07 02:16:14
382,410,310.84,2022-06-09 05:54:00
383,278,46.58,2022-05-09 12:39:46
384,884,658.49,2022-09-16 22:50:49
385,436,864.59,2022-07-01 02:27:26
386,237,592.2,2022-05-20 13:40:39
387,499,785.76,2022-05-01 09:49:01
388,862,468.92,2022-10-20 11:35:50
389,127,602.88,2022-09-15 06:37:00
390,925,75.73,2022-03-18 05:35:11
391,74,645.73,2023-01-12 16:08:58
392,431,728.03,2023-02-06 03:24:54
393,914,383.44,2022-12-17 22:48:46
394,317,873.41,2022-05-18 00:00:41
395,4,743.34,2022-10-19 01:43:14
396,808,467.11,2022-03-06 23:42:14
397,462,485.04,2022-06-22 10:51:05
398,70,15.82,2022-11-26 10:08:46
399,644,542.39,2022-09-17 22:27:53
400,712,920.87,2022-08-16 23:20:08
401,284,383.21,2022-08-30 10:43:54
402,949,557.31,2022-09-25 01:57:43
403,683,254.48,2022-10-30 13:45:25
404,758,576.24,2022-10-31 11:34:10
405,484,213.53,2022-03-13 02:33:19
406,532,798.59,2022-03-20 22:57:06
407,782,306.25,2022-03-13 05:39:12
408,140,41.09,2022-10-13 16:53:54
409,264,498.27,2022-03-01 15:25:59
410,237,709.23,2022-08-03 07:41:35
411,540,903.1,2022-10-11 20:00:06
412,735,16.34,2022-03-29 04:59:41
413,331,12.8,2022-12-07 22:38:20
414,518,883.72,2022-04-20 05:30:31
415,152,532.18,2022-12-03 17:40:34
416,31,640.04,2022-08-08 07:10:04
417,131,80.62,2022-11-28 22:37:50
418,801,80.47,2022-02-25 21:00:25
419,239,354.52,2022-09-19 10:28:43
420,442,880.51,2023-01-06 11:07:13
421,30,414.8,2022-04-18 20:12:06
422,244,782.99,2022-12-21 01:14:00
423,409,233.38,2022-11-29 19:35:34
424,993,433.95,2022-10-05 19:12:14
425,606,955.85,2022-09-23 00:47:39
426,81,898.07,2022-10-12 10:02:25
427,132,736.04,2022-11-17 15:25:40
428,906,34.71,2022-12-10 09:04:38
429,655,784.15,2022-03-31 12:47:46
430,223,931.7,2022-11-04 20:43:19
431,82,4.83,2023-01-13 20:13:12
432,925,325.12,2022-07-06 19:45:03
433,709,443.2,2023-02-14 06:45:12
434,823,215.03,2022-03-17 20:32:49
435,926,508.22,2022-12-24 23:46:51
436,490,56.7,2022-03-08 21:38:20
437,251,167.88,2022-07-22 22:27:45
438,848,558.04,2022-03-10 01:54:43
439,514,556.89,2022-08-11 01:07:00
440,720,342.47,2022-09-23 00:56:16
441,965,387.47,2022-04-07 22:33:01
442,656,362.29,2023-01-26 14:55:19
443,8,578.66,2022-03-20 11:13:39
444,555,894.27,2022-09-08 11:14:19
445,551,770.35,2023-02-13 02:26:54
446,21,481.65,2022-08-12 17:03:24
447,402,481.33,2022-09-09 23:04:04
448,307,195.86,2022-03-27 19:29:24
449,47,401.31,2022-09-15 01:12:09
450,179,760.11,2022-10-31 07:23:52
451,782,911.27,2022-08-05 11:05:03
452,447,199.74,2022-05-31 00:00:05
453,460,539.28,2022-05-14 08:27:28
454,452,319.89,2023-02-13 21:22:46
455,997,987.24,2022-12-13 18:01:52
456,677,472.92,2022-10-26 05:25:57
457,351,36.62,2022-10-01 21:10:33
458,74,175.65,2023-01-17 06:46:18
459,69,415.18,2022-08-25 22:17:45
460,907,959.54,2022-09-02 00:30:15
461,523,420.55,2023-01-09 18:12:29
462,374,224.09,2022-09-24 05:28:52
463,272,606.08,2022-05-25 21:24:58
464,443,492.57,2022-09-01 17:26:57
465,750,777.5,2022-10-19 15:35:50
466,550,312.61,2022-06-12 19:44:30
467,870,619.29,2022-08-28 19:28:41
468,323,74.98,2022-05-13 02:15:21
469,405,199.7,2022-08-05 03:40:31
470,211,775.37,2023-01-29 16:47:33
471,149,934.86,2022-06-16 08:05:48
472,410,86.04,2023-02-13 14:03:26
473,167,771.11,2022-09-22 20:20:48
474,399,284.97,2022-07-02 05:50:00
475,162,596.13,2022-03-06 09:14:44
476,387,483.58,2022-06-17 01:01:29
477,234,623.05,2022-11-16 19:53:39
478,298,705.56,2022-02-20 16:01:06
479,599,422.38,2022-05-14 13:31:24
480,501,864.26,2022-09-19 11:16:08
481,589,485.62,2022-06-25 00:34:11
482,844,377.48,2022-11-28 19:06:05
483,941,734.16,2022-06-01 06:04:20
484,459,428.48,2022-05-05 06:38:35
485,520,315.85,2022-02-19 13:54:06
486,288,476.9,2022-06-01 12:52:55
487,8,411.93,2022-06-28 23:22:20
488,692,478.6,2022-10-04 18:03:46
489,60,964.29,2022-07-15 18:30:58
490,363,238.22,2022-06-08 10:08:42
491,268,944.82,2022-11-02 04:32:54
492,628,637.79,2022-02-22 10:03:44
493,843,459.53,2022-05-22 02:42:12
494,368,681.03,2022-09-20 10:25:19
495,451,168.62,2022-07-09 18:37:05
496,759,544.29,2022-03-28 01:40:13
497,857,787.84,2022-11-28 01:08:48
498,296,326.37,2022-07-19 02:26:43
499,134,326.71,2022-11-19 10:36:58
500,265,932.4,2022-05-19 02:41:16
501,697,100.24,2022-06-15 20:09:14
502,396,485.93,2022-09-22 21:50:00
503,424,768.01,2022-11-16 22:50:10
504,178,708.92,2022-11-28 16:46:42
505,241,653.4,2022-09-01 09:56:04
506,696,405.13,2023-02-03 22:56:50
507,964,810.16,2022-08-28 18:59:40
508,896,751.73,2022-06-03 16:58:27
509,745,513.21,2022-12-19 08:34:43
510,560,950.27,2022-03-02 15:39:00
511,394,305.7,2022-08-21 22:36:33
512,872,640.63,2022-11-23 10:36:21
513,119,629.36,2023-02-14 04:07:46
514,597,612.16,2022-08-29 00:53:33
515,609,939.34,2022-03-30 16:36:25
516,373,890.81,2022-04-28 07:23:23
517,82,167.5,2022-05-12 04:13:31
518,298,414.48,2022-08-03 16:03:44
519,364,480.75,2022-12-24 01:05:34
520,182,201.58,2022-07-31 05:54:03
521,566,404.46,2022-05-06 11:26:12
522,418,990.07,2022-11-23 00:04:03
523,887,278.8,2022-06-15 18:51:29
524,460,682.99,2023-02-09 18:06:15
525,348,909.29,2022-06-12 23:48:47
526,580,996.06,2022-09-15 20:19:55
527,222,758.23,2022-09-09 08:28:27
528,67,597.94,2022-11-16 18:58:42
529,816,562.87,2022-11-28 05:57:47
530,250,382.86,2022-10-11 20:56:34
531,689,582.06,2022-09-17 00:52:48
532,676,384.38,2022-06-30 08:25:30
533,546,609.26,2022-11-08 20:46:03
534,263,840.23,2022-08-21 19:20:21
535,955,351.24,2022-08-04 07:45:16
536,243,718.59,2022-06-29 11:55:55
537,757,459.53,2022-11-15 01:03:42
538,603,685.5,2022-03-15 06:06:23
539,856,435.12,2022-05-26 08:48:53
540,559,15.44,2022-09-23 14:13:25
541,23,823.9,2022-11-18 01:49:35
542,255,416.82,2023-01-30 09:39:25
543,573,506.21,2022-12-29 04:05:20
544,605,886.27,2022-05-09 00:27:52
545,262,611.95,2022-07-05 16:16:42
546,665,351.94,2022-03-22 22:04:09
547,132,385.19,2022-07-03 00:14:23
548,862,908.11,2023-01-13 09:14:03
549,173,412.12,2022-03-14 23:29:54
550,582,452.41,2022-08-18 15:36:06
551,183,601.79,2022-09-11 03:25:06
552,197,324.56,2022-07-16 04:48:35
553,891,296.45,2023-02-07 09:09:48
554,349,813.08,2022-02-21 13:29:58
555,321,496.83,2022-04-15 00:48:10
556,84,240.81,2022-05-30 06:54:48
557,662,490.1,2022-04-17 20:14:00
558,523,614.2,2022-03-25 16:53:09
559,531,113.17,2022-07-05 23:50:07
560,735,976.64,2022-05-21 16:01:17
561,310,128.85,2022-07-13 22:47:04
562,254,167.15,2022-07-21 16:42:03
563,62,456.52,2022-03-06 03:48:03
564,588,754.51,2022-02-19 16:58:52
565,199,955.12,2022-11-09 05:19:57
566,35,656.88,2022-10-14 13:23:27
567,892,140.33,2022-11-05 21:57:29
568,747,138.37,2022-10-09 05:23:28
569,366,634.28,2022-08-21 20:48:49
570,608,25.82,2022-08-17 12:39:41
571,817,837.84,2022-10-30 20:27:42
572,922,503.42,2022-12-19 07:56:58
573,471,984.63,2022-04-11 07:21:51
574,280,84.86,2022-06-09 21:18:58
575,828,785.36,2022-07-24 04:31:34
576,246,780.22,2022-04-26 06:49:15
577,77,811.09,2023-01-25 01:36:33
578,465,9.05,2022-06-15 12:35:14
579,354,967.11,2022-12-12 11:51:13
580,277,111.05,2022-05-23 14:49:11
581,162,289.39,2022-03-04 23:22:11
582,26,407.94,2022-07-31 21:16:09
583,707,248.36,2022-03-20 04:48:04
584,926,767.18,2022-12-14 18:08:55
585,413,195.85,2022-06-29 17:37:52
586,424,600.63,2022-05-28 19:39:25
587,32,547.35,2022-05-16 03:36:21
588,74,612.3,2023-02-18 21:24:57
589,644,634.36,2022-02-19 19:29:26
590,517,480.32,2022-03-26 08:34:33
591,609,204.92,2022-08-07 13:43:34
592,31,987.07,2022-05-09 06:57:16
593,964,331.6,2022-03-13 16:23:34
594,194,202.36,2022-08-23 18:42:16
595,16,980.4,2022-08-13 07:48:11
596,373,785.06,2022-12-01 00:20:24
597,572,680.15,2022-08-08 11:45:54
598,934,202.03,2022-02-19 18:38:31
599,543,611.42,2022-07-17 07:17:07
600,670,828.84,2022-05-20 12:00:55
601,573,767.55,2022-02-26 13:34:48
602,903,48.29,2022-11-23 14:42:08
603,68,669.08,2022-07-07 22:11:35
604,636,963.41,2022-11-19 00:25:17
605,888,116.13,2022-06-07 23:58:31
606,744,457.95,2022-05-10 09:03:13
607,809,244.09,2022-05-08 03:45:11
608,329,753.27,2022-11-30 22:14:44
609,870,942.1,2022-08-22 06:36:59
610,641,92.08,2022-11-30 22:46:24
611,906,299.51,2022-10-29 04:42:40
612,605,216.42,2022-06-29 06:40:19
613,918,978.4,2022-09-02 04:54:40
614,544,133.66,2022-09-09 06:16:43
615,289,146.6,2022-04-23 19:26:41
616,346,606.33,2022-08-27 05:19:40
617,240,311.82,2022-05-16 02:22:47
618,398,693.73,2022-07-10 20:41:11
619,747,58.91,2022-08-10 11:38:47
620,1,189.37,2022-11-01 11:24:01
621,508,503.77,2022-04-26 11:24:05
622,557,315.57,2022-06-09 14:26:03
623,831,424.36,2022-03-14 09:15:49
624,293,366.96,2023-01-16 21:38:26
625,545,986.95,2022-07-16 05:30:24
626,315,689.7,2022-09-17 06:05:45
627,105,766.44,2023-01-14 19:34:58
628,210,538.73,2022-03-03 00:22:56
629,235,266.12,2022-06-18 08:30:11
630,562,253.76,2022-12-06 00:51:09
631,811,788.21,2022-06-20 10:38:04
632,394,636.26,2022-07-24 05:07:51
633,38,426.6,2022-08-21 13:52:38
634,322,877.42,2022-02-25 00:51:50
635,126,740.9,2022-04-17 18:08:43
636,402,705.78,2022-08-04 12:11:16
637,828,619.12,2023-01-18 04:46:56
638,47,300.8,2022-03-25 17:35:50
639,948,41.34,2023-01-21 18:27:10
640,158,721.86,2022-09-10 20:12:51
641,813,772.15,2023-02-12 03:53:27
642,366,883.12,2022-06-09 17:08:32
643,456,123.3,2023-02-03 15:08:49
644,482,202.56,2022-04-27 06:42:17
645,599,695.72,2022-09-13 12:13:13
646,525,504.73,2022-09-22 15:58:23
647,209,389.29,2022-05-17 06:55:31
648,546,318.7,2022-07-10 00:26:04
649,182,735.94,2023-02-07 21:11:37
650,201,348.08,2022-03-29 02:16:41
651,420,41.55,2022-07-18 15:47:47
652,401,2.62,2023-01-14 17:18:40
653,898,270.54,2023-02-03 23:34:55
654,657,617.23,2023-01-29 18:45:24
655,307,40.78,2022-07-08 21:40:05
656,987,657.76,2022-04-21 11:37:41
657,164,695.94,2023-01-01 13:03:21
658,905,85.83,2022-04-17 12:15:29
659,730,682.57,2022-03-27 17:31:24
660,876,893.09,2022-04-19 18:45:45
661,735,999.31,2022-03-08 09:21:50
662,63,747.49,2022-04-26 20:16:19
663,437,805.96,2022-07-06 00:41:41
664,146,786.39,2022-03-20 09:29:09
665,680,646.95,2022-08-06 12:37:26
666,175,906.99,2023-02-07 20:02:10
667,371,246.96,2022-07-09 23:19:01
668,66,576.62,2022-03-30 12:59:24
669,315,820.65,2022-07-13 00:33:22
670,335,302.52,2022-04-13 09:38:14
671,865,707.95,2022-08-22 15:30:58
672,280,54.26,2022-04-22 13:42:57
673,917,262.33,2023-02-15 21:26:51
674,569,991.41,2022-11-15 21:28:47
675,938,720.89,2022-11-16 13:19:45
676,83,254.36,2022-06-26 06:31:45
677,900,589.52,2023-01-02 00:16:25
678,888,715.13,2022-06-05 21:01:16
679,240,402.94,2022-05-11 16:58:29
680,336,124.54,2023-01-05 02:59:20
681,85,717.21,2022-11-06 10:47:43
682,96,638.11,2022-04-29 04:45:52
683,69,716.87,2022-12-26 14:42:24
684,364,861.58,2022-02-28 04:26:24
685,772,382.59,2022-10-28 05:21:22
686,471,735.82,2022-07-09 02:59:17
687,899,167.59,2022-03-07 15:25:03
688,306,978.0,2022-04-26 06:11:56
689,475,879.62,2023-01-29 03:31:04
690,178,929.16,2023-01-20 13:57:06
691,80,863.59,2022-03-05 14:56:36
692,748,565.05,2022-11-12 12:48:01
693,868,395.94,2022-07-29 04:49:47
694,345,382.22,2022-10-29 17:05:37
695,337,940.8,2022-06-25 15:38:00
696,738,970.73,2022-06-18 21:25:20
697,229,963.86,2022-03-22 13:30:09
698,36,44.48,2022-10-28 18:09:44
699,332,4.87,2022-08-11 12:47:17
700,214,419.86,2023-01-02 22:57:21
701,996,334.34,2023-02-01 23:45:38
702,594,301.0,2022-08-10 20:43:00
703,520,625.94,2022-03-25 22:44:53
704,133,999.25,2022-09-19 07:49:13
705,331,451.37,2022-06-16 16:54:42
706,454,902.6,2022-12-29 02:03:43
707,681,551.41,2022-06-29 10:51:32
708,98,545.8,2022-11-08 09:17:20
709,551,495.69,2022-11-12 21:24:26
710,199,392.04,2022-04-15 09:46:18
711,706,14.48,2022-06-18 01:00:44
712,685,249.56,2022-03-04 13:47:52
713,741,675.88,2022-09-05 09:49:34
714,446,966.87,2022-08-30 07:01:25
715,864,460.13,2022-06-01 16:59:22
716,910,851.35,2022-08-30 18:37:59
717,464,462.66,2022-12-01 00:27:58
718,174,608.0,2022-03-04 03:35:11
719,964,411.67,2022-08-08 09:54:55
720,248,910.83,2022-12-04 06:06:42
721,608,957.67,2022-08-01 15:40:46
722,958,39.14,2022-05-22 22:06:24
723,456,961.16,2022-06-19 07:51:25
724,474,695.74,2022-04-15 23:54:27
725,486,404.71,2022-12-03 05:03:52
726,445,202.99,2022-11-15 11:30:04
727,310,770.38,2022-06-28 15:00:22
728,815,850.94,2023-01-28 10:56:18
729,945,703.84,2022-12-29 02:27:47
730,417,845.05,2022-04-07 17:12:38
731,280,8.52,2022-09-21 12:33:59
732,756,419.41,2022-02-27 16:04:38
733,930,930.5,2022-07-10 05:37:36
734,283,891.31,2023-01-01 10:52:02
735,519,80.55,2022-03-09 23:21:08
736,337,339.93,2023-01-01 10:35:38
737,666,726.91,2022-05-19 07:00:09
738,315,284.94,2022-03-11 13:39:45
739,929,624.09,2022-09-06 23:55:52
740,367,827.26,2022-03-26 21:59:23
741,499,737.73,2022-10-11 03:32:42
742,244,254.32,2022-06-12 08:19:00
743,605,348.06,2022-07-03 20:27:27
744,905,81.22,2023-02-01 07:09:56
745,825,488.17,2023-02-05 07:56:22
746,231,659.15,2022-05-11 05:43:58
747,184,951.58,2022-12-02 23:44:15
748,687,82.49,2022-10-11 01:02:32
749,876,541.83,2022-10-05 00:02:49
750,18,605.8,2023-01-07 03:13:57
751,134,686.89,2022-09-01 09:37:09
752,865,361.33,2022-12-17 17:40:06
753,179,416.6,2022-08-07 12:04:21
754,780,74.73,2022-04-20 19:47:40
755,801,98.04,2022-10-24 09:23:42
756,793,585.67,2023-01-23 20:46:38
757,268,79.56,2022-05-01 22:34:21
758,505,950.53,2022-09-24 05:22:40
759,84,610.45,2023-02-03 16:49:21
760,589,815.82,2022-04-07 17:25:16
761,704,257.58,2022-10-15 21:34:55
762,275,64.92,2022-03-01 01:49:08
763,922,739.12,2022-08-24 16:43:19
764,97,363.2,2022-07-26 05:03:44
765,588,593.76,2022-02-25 20:51:14
766,30,532.91,2022-08-24 19:44:37
767,429,89.14,2022-10-27 20:19:05
768,790,669.46,2022-04-26 18:17:10
769,769,199.02,2022-12-01 01:14:20
770,989,977.69,2022-12-17 14:41:12
771,785,910.9,2022-08-03 05:10:50
772,431,748.06,2022-04-20 14:09:10
773,417,712.59,2022-03-19 22:38:56
774,305,749.82,2022-08-29 02:25:27
775,914,636.93,2022-04-08 01:56:56
776,499,90.13,2022-04-23 21:58:17
777,856,533.44,2022-04-14 11:09:54
778,26,475.55,2022-09-08 09:49:52
779,197,101.23,2022-03-18 04:15:30
780,950,812.44,2023-01-31 18:56:04
781,888,462.46,2022-06-28 13:30:12
782,56,957.91,2022-07-27 08:14:46
783,444,769.11,2022-06-13 00:35:40
784,720,251.31,2022-04-21 03:40:39
785,535,927.86,2022-12-17 05:45:54
786,382,254.54,2022-03-28 22:38:36
787,741,167.73,2022-12-20 10:32:45
788,751,996.51,2022-11-27 14:16:48
789,667,694.51,2022-11-03 02:11:05
790,480,408.66,2022-07-01 19:33:33
791,83,957.98,2022-04-19 18:41:21
792,860,967.25,2022-04-19 14:47:04
793,718,26.54,2022-08-19 20:07:05
794,748,507.02,2022-04-21 02:38:02
795,148,942.53,2022-12-12 13:50:16
796,158,114.3,2023-02-08 23:32:52
797,525,455.15,2022-05-03 21:27:01
798,879,648.76,2022-10-19 11:14:27
799,99,554.61,2023-02-16 18:09:05
800,452,727.41,2022-06-06 04:28:23
801,339,662.97,2022-06-04 10:01:44
802,329,66.91,2022-02-24 19:36:57
803,800,578.8,2022-02-25 18:17:21
804,945,916.83,2022-03-08 08:49:52
805,943,317.78,2022-10-25 20:15:49
806,547,507.45,2022-03-26 16:16:53
807,910,129.39,2022-05-28 07:28:04
808,19,765.4,2022-03-11 16:57:48
809,875,378.92,2022-03-06 04:31:49
810,709,162.3,2022-07-30 15:19:08
811,851,508.71,2022-06-01 22:37:37
812,741,867.42,2022-11-04 19:49:56
813,200,808.28,2022-06-04 02:05:44
814,147,272.97,2022-05-26 13:38:53
815,523,520.31,2022-07-17 14:28:55
816,696,141.01,2022-07-29 14:33:45
817,242,350.09,2022-10-27 10:21:10
818,24,949.9,2023-01-24 05:16:11
819,142,618.6,2022-06-01 22:06:57
820,248,594.75,2022-12-02 15:48:24
821,871,583.61,2022-05-21 13:51:24
822,818,193.53,2023-02-15 07:53:55
823,900,399.39,2022-06-28 18:42:24
824,930,166.64,2022-12-14 10:44:23
825,434,808.47,2022-10-17 07:53:20
826,76,163.0,2022-12-14 07:03:34
827,504,795.61,2022-10-20 00:33:10
828,767,943.31,2022-12-05 15:03:48
829,731,930.92,2023-02-18 16:17:57
830,270,279.19,2022-03-13 08:48:41
831,847,576.18,2022-09-11 02:47:21
832,830,534.23,2023-02-03 11:53:02
833,876,642.99,2022-03-18 08:32:49
834,648,859.53,2023-01-03 10:02:56
835,192,240.18,2022-04-22 14:06:30
836,515,47.31,2022-07-11 02:44:34
837,446,668.42,2022-07-11 11:21:05
838,34,325.36,2022-09-14 17:32:08
839,306,498.56,2022-05-07 18:53:01
840,635,748.53,2022-08-31 03:44:54
841,134,580.31,2022-05-10 00:19:17
842,941,364.78,2022-11-20 07:27:59
843,891,35.29,2022-06-04 00:58:46
844,94,226.1,2023-02-01 23:52:51
845,548,57.27,2022-07-31 20:34:43
846,974,368.68,2023-02-12 19:40:10
847,375,827.32,2022-03-12 11:15:01
848,261,220.26,2022-11-25 03:39:09
849,927,619.91,2022-03-12 13:05:08
850,688,980.58,2022-09-06 04:34:01
851,990,154.34,2022-03-18 09:21:48
852,500,983.41,2022-07-29 05:01:26
853,356,566.42,2023-01-25 02:04:15
854,51,367.31,2022-08-29 01:18:01
855,592,588.46,2022-07-01 17:12:04
856,829,969.4,2022-04-08 10:04:04
857,497,302.93,2022-10-02 12:15:29
858,31,30.52,2023-01-13 07:22:42
859,653,925.02,2022-09-05 21:26:10
860,751,725.05,2022-03-21 11:13:00
861,115,593.92,2022-07-17 19:02:44
862,993,149.39,2022-09-25 11:18:39
863,390,74.78,2023-01-04 22:41:24
864,794,624.78,2022-12-09 15:52:51
865,427,48.93,2022-10-26 16:18:04
866,824,83.66,2022-09-22 18:15:13
867,422,853.24,2022-06-27 07:33:20
868,417,985.94,2022-08-17 23:28:10
869,181,205.14,2022-11-11 02:44:53
870,359,102.97,2022-04-15 12:32:50
871,397,471.12,2023-01-22 22:49:46
872,30,398.22,2022-02-23 12:34:00
873,748,534.12,2022-11-15 06:48:38
874,800,446.58,2022-07-31 05:03:36
875,216,664.5,2022-10-24 09:57:53
876,834,868.84,2022-10-09 00:42:02
877,483,406.57,2022-02-24 02:08:22
878,745,916.78,2022-10-27 21:58:16
879,841,532.4,2022-07-02 20:26:51
880,76,238.78,2022-03-26 14:14:25
881,335,176.31,2022-03-07 22:50:13
882,26,983.62,2022-08-06 17:26:15
883,849,281.71,2022-10-28 22:54:32
884,267,190.82,2022-10-29 13:50:29
885,881,924.97,2022-04-25 17:31:53
886,759,316.45,2022-10-08 05:59:41
887,812,375.08,2022-12-29 17:40:15
888,463,136.27,2022-05-12 10:21:44
889,905,567.64,2022-09-15 03:41:29
890,318,200.91,2022-02-28 23:07:05
891,705,821.31,2022-07-11 17:31:21
892,414,285.65,2022-08-21 10:31:19
893,392,279.65,2022-09-24 02:12:51
894,362,781.39,2022-05-28 08:38:19
895,753,356.7,2022-12-11 18:58:19
896,178,218.48,2022-05-29 18:26:08
897,425,314.68,2022-04-17 16:10:44
898,11,59.95,2022-05-11 18:29:03
899,642,155.41,2022-02-25 04:30:25
900,39,861.12,2023-01-20 07:18:57
901,214,242.23,2022-06-14 17:51:53
902,633,203.17,2022-10-10 05:59:31
903,323,908.46,2023-01-04 12:21:12
904,34,923.76,2022-02-27 23:39:16
905,573,895.91,2022-04-21 02:36:54
906,676,72.57,2022-08-01 02:23:32
907,970,98.05,2022-04-27 00:57:08
908,468,223.11,2022-12-22 14:08:30
909,823,797.56,2022-05-19 07:36:01
910,378,62.72,2022-08-26 01:01:26
911,483,618.55,2022-04-15 07:52:44
912,339,702.61,2022-08-08 21:41:58
913,995,556.22,2022-04-25 19:05:22
914,196,745.52,2022-08-05 01:53:52
915,477,793.86,2023-01-22 08:57:08
916,901,932.0,2022-07-28 03:53:17
917,259,368.41,2022-10-15 03:22:50
918,5,136.22,2022-12-18 10:47:21
919,697,688.64,2022-11-17 06:49:58
920,375,649.61,2023-02-02 04:07:39
921,343,179.43,2022-08-22 10:07:27
922,651,750.31,2022-12-05 08:41:41
923,991,962.62,2022-06-22 16:32:36
924,893,418.09,2022-09-30 21:23:44
925,691,416.04,2022-09-06 04:25:35
926,89,581.28,2022-06-13 03:54:19
927,73,427.56,2023-01-21 07:03:37
928,279,880.29,2022-06-19 09:01:10
929,435,629.94,2022-08-13 19:48:37
930,637,800.41,2022-11-29 16:18:12
931,275,139.84,2023-01-24 01:17:04
932,728,513.42,2022-08-14 21:32:35
933,36,32.16,2022-06-03 03:56:55
934,967,507.7,2023-01-08 05:00:16
935,768,217.78,2022-10-02 16:25:50
936,532,585.65,2022-10-29 08:34:26
937,348,625.47,2022-07-21 06:24:44
938,427,665.62,2023-02-15 08:19:10
939,804,226.55,2022-07-05 04:38:48
940,291,480.65,2022-08-14 11:59:33
941,953,156.26,2022-05-17 11:53:19
942,21,312.23,2023-02-17 08:50:58
943,112,609.85,2022-12-18 18:28:48
944,703,171.28,2022-04-14 11:49:15
945,923,136.33,2022-03-05 12:48:35
946,647,306.75,2022-11-28 15:35:22
947,321,71.13,2022-12-28 13:29:22
948,942,173.81,2023-01-01 16:35:05
949,388,462.91,2022-04-02 05:29:17
950,701,939.23,2022-07-09 02:34:27
951,632,510.18,2022-09-01 14:45:58
952,255,109.67,2022-07-16 18:09:52
953,702,812.32,2023-01-19 06:11:16
954,73,461.96,2022-09-09 06:32:13
955,720,24.72,2023-02-01 13:38:03
956,132,821.49,2022-05-31 21:35:51
957,586,542.99,2022-07-01 06:37:28
958,260,468.4,2022-04-14 10:18:29
959,694,331.16,2022-10-18 01:04:31
960,698,125.37,2022-05-11 12:12:53
961,549,793.94,2023-01-06 13:14:30
962,636,888.36,2022-04-20 16:15:41
963,121,453.8,2022-07-27 17:03:56
964,832,698.7,2022-09-05 17:26:39
965,721,493.3,2023-01-07 23:44:33
966,944,941.52,2022-10-24 01:12:51
967,211,672.46,2022-09-15 04:35:57
968,918,962.33,2022-04-24 20:58:34
969,786,739.36,2023-01-22 23:26:59
970,858,245.3,2022-03-08 20:40:53
971,513,278.49,2022-10-28 11:56:00
972,850,877.63,2022-06-02 23:05:12
973,227,930.99,2022-09-30 00:38:27
974,985,845.6,2022-07-17 12:38:18
975,200,353.88,2022-08-30 11:31:14
976,474,853.69,2022-04-01 08:39:41
977,610,791.79,2023-01-06 23:36:44
978,394,151.97,2023-01-14 15:38:20
979,701,984.57,2022-05-24 19:07:34
980,150,522.99,2022-06-07 18:20:13
981,988,356.15,2022-08-17 04:04:03
982,669,824.66,2022-02-25 03:29:46
983,797,361.18,2022-09-05 09:58:04
984,923,648.06,2023-01-17 09:30:03
985,92,902.79,2022-05-20 03:57:11
986,672,964.31,2022-11-04 16:25:03
987,989,85.39,2022-09-30 09:55:33
988,527,533.31,2022-11-16 09:31:53
989,599,843.2,2022-07-18 22:14:16
990,883,266.25,2022-09-08 20:30:56
991,769,878.27,2022-05-04 19:30:52
992,733,554.81,2022-10-16 16:10:03
993,361,493.98,2023-01-29 06:31:23
994,416,593.55,2022-03-02 15:34:23
995,88,378.31,2022-06-22 11:55:47
996,529,461.09,2022-04-14 16:00:51
997,578,479.05,2022-05-08 03:15:00
998,647,89.62,2022-11-01 21:48:50
1,725,49.16,2022-11-10 02:59:10
2,33,759.63,2022-08-31 22:07:44
